{
"name": "C-13X",
"vendorId": "0x4650",
"productId": "0x0130",
"lighting": "none",
"matrix": {"rows": 4, "cols": 10},

"layouts": {

"keymap": [
  {
    "name": "pain, but worse via"
  },
  [
    {
      "y": 0.2,
      "x": 9.4
    },
    "0,8"
  ],
  [
    {
      "y": -0.95,
      "x": 0.35,
      "c": "#777777"
    },
    "0,0",
    {
      "x": 9.05,
      "c": "#aaaaaa"
    },
    "0,9"
  ],
  [
    {
      "x": 0.2,
      "w": 1.25
    },
    "1,0",
    {
      "x": 8.35,
      "c": "#777777",
      "w": 1.75
    },
    "1,9"
  ],
  [
    {
      "c": "#aaaaaa",
      "w": 1.75
    },
    "2,0",
    {
      "x": 7.75,
      "w": 1.25
    },
    "2,8",
    "2,9"
  ],
  [
    {
      "w": 1.5
    },
    "3,0",
    {
      "x": 8.75,
      "w": 1.5
    },
    "3,9"
  ],
  [
    {
      "r": 10,
      "rx": 0.25,
      "ry": 0.25,
      "y": -0.25,
      "x": 1.25,
      "c": "#cccccc"
    },
    "0,1",
    "0,2",
    "0,3",
    "0,4"
  ],
  [
    {
      "x": 1.5
    },
    "1,1",
    "1,2",
    "1,3",
    "1,4"
  ],
  [
    {
      "x": 2
    },
    "2,1",
    "2,2",
    "2,3",
    "2,4"
  ],
  [
    {
      "x": 2.5,
      "c": "#aaaaaa"
    },
    "3,1",
    {
      "c": "#cccccc",
      "w": 2.75
    },
    "3,3"
  ],
  [
    {
      "r": -10,
      "rx": 10.75,
      "y": -0.25,
      "x": -4.5
    },
    "0,5",
    "0,6",
    "0,7"
  ],
  [
    {
      "x": -4.25
    },
    "1,5",
    "1,6",
    "1,7"
  ],
  [
    {
      "x": -4.75
    },
    "2,5",
    "2,6",
    "2,7"
  ],
  [
    {
      "x": -5,
      "w": 2.25
    },
    "3,5",
    {
      "c": "#aaaaaa"
    },
    "3,7"
  ]
]
}
}
