{
    "manufacturer": "projectcain",
    "keyboard_name": "Vault35",
    "maintainer": "projectcain",
    "diode_direction": "COL2ROW",
    "qmk": {
        "locking": {
            "enabled": true,
            "resync": true
        }
    },
    "url": "https://mechvault.net",
    "usb": {
        "device_version": "0.0.1",
        "pid": "0x6060",
        "vid": "0xFEED"
    },
    "layouts": {
        "LAYOUT_all": {
            "layout": [
                {"matrix": [0, 0], "x": 0, "y": 0},
                {"matrix": [0, 1], "x": 1, "y": 0},
                {"matrix": [0, 2], "x": 2, "y": 0},
                {"matrix": [0, 3], "x": 3, "y": 0},
                {"matrix": [0, 4], "x": 4, "y": 0},
                {"matrix": [0, 5], "x": 5, "y": 0},
                {"matrix": [0, 6], "x": 6, "y": 0},
                {"matrix": [0, 7], "x": 7, "y": 0},
                {"matrix": [0, 8], "x": 8, "y": 0},
                {"matrix": [0, 9], "x": 9, "y": 0},
                {"matrix": [0, 10], "x": 10, "y": 0, "encoder": 0},
                {"matrix": [1, 0], "x": 0, "y": 1, "w": 1.25},
                {"matrix": [1, 1], "x": 1.25, "y": 1},
                {"matrix": [1, 2], "x": 2.25, "y": 1},
                {"matrix": [1, 3], "x": 3.25, "y": 1},
                {"matrix": [1, 4], "x": 4.25, "y": 1},
                {"matrix": [1, 5], "x": 5.25, "y": 1},
                {"matrix": [1, 6], "x": 6.25, "y": 1},
                {"matrix": [1, 7], "x": 7.25, "y": 1},
                {"matrix": [1, 8], "x": 8.25, "y": 1},
                {"matrix": [1, 9], "x": 9.25, "y": 1, "w": 1.75},
                {"matrix": [2, 0], "x": 0, "y": 2, "w": 1.75},
                {"matrix": [2, 1], "x": 1.75, "y": 2},
                {"matrix": [2, 2], "x": 2.75, "y": 2},
                {"matrix": [2, 3], "x": 3.75, "y": 2},
                {"matrix": [2, 4], "x": 4.75, "y": 2},
                {"matrix": [2, 5], "x": 5.75, "y": 2},
                {"matrix": [2, 6], "x": 6.75, "y": 2},
                {"matrix": [2, 7], "x": 7.75, "y": 2},
                {"matrix": [2, 8], "x": 8.75, "y": 2},
                {"matrix": [2, 9], "x": 9.75, "y": 2, "w": 1.25},
                {"matrix": [3, 1], "x": 1.5, "y": 3},
                {"matrix": [3, 2], "x": 2.5, "y": 3, "w": 1.25},
                {"matrix": [3, 3], "x": 3.75, "y": 3, "w": 1.5},
                {"matrix": [3, 4], "x": 5.25, "y": 3},
                {"matrix": [3, 5], "x": 6.25, "y": 3, "w": 1.5},
                {"matrix": [3, 6], "x": 7.75, "y": 3, "w": 1.25},
                {"matrix": [3, 7], "x": 9, "y": 3}
            ]
        },
        "LAYOUT_full_space": {
            "layout": [
                {"matrix": [0, 0], "x": 0, "y": 0},
                {"matrix": [0, 1], "x": 1, "y": 0},
                {"matrix": [0, 2], "x": 2, "y": 0},
                {"matrix": [0, 3], "x": 3, "y": 0},
                {"matrix": [0, 4], "x": 4, "y": 0},
                {"matrix": [0, 5], "x": 5, "y": 0},
                {"matrix": [0, 6], "x": 6, "y": 0},
                {"matrix": [0, 7], "x": 7, "y": 0},
                {"matrix": [0, 8], "x": 8, "y": 0},
                {"matrix": [0, 9], "x": 9, "y": 0},
                {"matrix": [0, 10], "x": 10, "y": 0, "encoder": 0},
                {"matrix": [1, 0], "x": 0, "y": 1, "w": 1.25},
                {"matrix": [1, 1], "x": 1.25, "y": 1},
                {"matrix": [1, 2], "x": 2.25, "y": 1},
                {"matrix": [1, 3], "x": 3.25, "y": 1},
                {"matrix": [1, 4], "x": 4.25, "y": 1},
                {"matrix": [1, 5], "x": 5.25, "y": 1},
                {"matrix": [1, 6], "x": 6.25, "y": 1},
                {"matrix": [1, 7], "x": 7.25, "y": 1},
                {"matrix": [1, 8], "x": 8.25, "y": 1},
                {"matrix": [1, 9], "x": 9.25, "y": 1, "w": 1.75},
                {"matrix": [2, 0], "x": 0, "y": 2, "w": 1.75},
                {"matrix": [2, 1], "x": 1.75, "y": 2},
                {"matrix": [2, 2], "x": 2.75, "y": 2},
                {"matrix": [2, 3], "x": 3.75, "y": 2},
                {"matrix": [2, 4], "x": 4.75, "y": 2},
                {"matrix": [2, 5], "x": 5.75, "y": 2},
                {"matrix": [2, 6], "x": 6.75, "y": 2},
                {"matrix": [2, 7], "x": 7.75, "y": 2},
                {"matrix": [2, 8], "x": 8.75, "y": 2},
                {"matrix": [2, 9], "x": 9.75, "y": 2, "w": 1.25},
                {"matrix": [3, 1], "x": 1.5, "y": 3},
                {"matrix": [3, 4], "x": 2.5, "y": 3, "w": 6},
                {"matrix": [3, 7], "x": 8.5, "y": 3}
            ]
        },
        "LAYOUT_split_2space": {
            "layout": [
                {"matrix": [0, 0], "x": 0, "y": 0},
                {"matrix": [0, 1], "x": 1, "y": 0},
                {"matrix": [0, 2], "x": 2, "y": 0},
                {"matrix": [0, 3], "x": 3, "y": 0},
                {"matrix": [0, 4], "x": 4, "y": 0},
                {"matrix": [0, 5], "x": 5, "y": 0},
                {"matrix": [0, 6], "x": 6, "y": 0},
                {"matrix": [0, 7], "x": 7, "y": 0},
                {"matrix": [0, 8], "x": 8, "y": 0},
                {"matrix": [0, 9], "x": 9, "y": 0},
                {"matrix": [0, 10], "x": 10, "y": 0, "encoder": 0},
                {"matrix": [1, 0], "x": 0, "y": 1, "w": 1.25},
                {"matrix": [1, 1], "x": 1.25, "y": 1},
                {"matrix": [1, 2], "x": 2.25, "y": 1},
                {"matrix": [1, 3], "x": 3.25, "y": 1},
                {"matrix": [1, 4], "x": 4.25, "y": 1},
                {"matrix": [1, 5], "x": 5.25, "y": 1},
                {"matrix": [1, 6], "x": 6.25, "y": 1},
                {"matrix": [1, 7], "x": 7.25, "y": 1},
                {"matrix": [1, 8], "x": 8.25, "y": 1},
                {"matrix": [1, 9], "x": 9.25, "y": 1, "w": 1.75},
                {"matrix": [2, 0], "x": 0, "y": 2, "w": 1.75},
                {"matrix": [2, 1], "x": 1.75, "y": 2},
                {"matrix": [2, 2], "x": 2.75, "y": 2},
                {"matrix": [2, 3], "x": 3.75, "y": 2},
                {"matrix": [2, 4], "x": 4.75, "y": 2},
                {"matrix": [2, 5], "x": 5.75, "y": 2},
                {"matrix": [2, 6], "x": 6.75, "y": 2},
                {"matrix": [2, 7], "x": 7.75, "y": 2},
                {"matrix": [2, 8], "x": 8.75, "y": 2},
                {"matrix": [2, 9], "x": 9.75, "y": 2, "w": 1.25},
                {"matrix": [3, 1], "x": 1.5, "y": 3},
                {"matrix": [3, 3], "x": 2.5, "y": 3, "w": 3},
                {"matrix": [3, 5], "x": 5.5, "y": 3, "w": 3},
                {"matrix": [3, 7], "x": 8.5, "y": 3}
            ]
        },
        "LAYOUT_split_3space": {
            "layout": [
                {"matrix": [0, 0], "x": 0, "y": 0},
                {"matrix": [0, 1], "x": 1, "y": 0},
                {"matrix": [0, 2], "x": 2, "y": 0},
                {"matrix": [0, 3], "x": 3, "y": 0},
                {"matrix": [0, 4], "x": 4, "y": 0},
                {"matrix": [0, 5], "x": 5, "y": 0},
                {"matrix": [0, 6], "x": 6, "y": 0},
                {"matrix": [0, 7], "x": 7, "y": 0},
                {"matrix": [0, 8], "x": 8, "y": 0},
                {"matrix": [0, 9], "x": 9, "y": 0},
                {"matrix": [0, 10], "x": 10, "y": 0, "encoder": 0},
                {"matrix": [1, 0], "x": 0, "y": 1, "w": 1.25},
                {"matrix": [1, 1], "x": 1.25, "y": 1},
                {"matrix": [1, 2], "x": 2.25, "y": 1},
                {"matrix": [1, 3], "x": 3.25, "y": 1},
                {"matrix": [1, 4], "x": 4.25, "y": 1},
                {"matrix": [1, 5], "x": 5.25, "y": 1},
                {"matrix": [1, 6], "x": 6.25, "y": 1},
                {"matrix": [1, 7], "x": 7.25, "y": 1},
                {"matrix": [1, 8], "x": 8.25, "y": 1},
                {"matrix": [1, 9], "x": 9.25, "y": 1, "w": 1.75},
                {"matrix": [2, 0], "x": 0, "y": 2, "w": 1.75},
                {"matrix": [2, 1], "x": 1.75, "y": 2},
                {"matrix": [2, 2], "x": 2.75, "y": 2},
                {"matrix": [2, 3], "x": 3.75, "y": 2},
                {"matrix": [2, 4], "x": 4.75, "y": 2},
                {"matrix": [2, 5], "x": 5.75, "y": 2},
                {"matrix": [2, 6], "x": 6.75, "y": 2},
                {"matrix": [2, 7], "x": 7.75, "y": 2},
                {"matrix": [2, 8], "x": 8.75, "y": 2},
                {"matrix": [2, 9], "x": 9.75, "y": 2, "w": 1.25},
                {"matrix": [3, 1], "x": 1.5, "y": 3},
                {"matrix": [3, 3], "x": 2.5, "y": 3, "w": 2.25},
                {"matrix": [3, 4], "x": 4.75, "y": 3},
                {"matrix": [3, 5], "x": 5.75, "y": 3, "w": 2.75},
                {"matrix": [3, 7], "x": 8.5, "y": 3}
            ]
        },
        "LAYOUT_split_4space": {
            "layout": [
                {"matrix": [0, 0], "x": 0, "y": 0},
                {"matrix": [0, 1], "x": 1, "y": 0},
                {"matrix": [0, 2], "x": 2, "y": 0},
                {"matrix": [0, 3], "x": 3, "y": 0},
                {"matrix": [0, 4], "x": 4, "y": 0},
                {"matrix": [0, 5], "x": 5, "y": 0},
                {"matrix": [0, 6], "x": 6, "y": 0},
                {"matrix": [0, 7], "x": 7, "y": 0},
                {"matrix": [0, 8], "x": 8, "y": 0},
                {"matrix": [0, 9], "x": 9, "y": 0},
                {"matrix": [0, 10], "x": 10, "y": 0, "encoder": 0},
                {"matrix": [1, 0], "x": 0, "y": 1, "w": 1.25},
                {"matrix": [1, 1], "x": 1.25, "y": 1},
                {"matrix": [1, 2], "x": 2.25, "y": 1},
                {"matrix": [1, 3], "x": 3.25, "y": 1},
                {"matrix": [1, 4], "x": 4.25, "y": 1},
                {"matrix": [1, 5], "x": 5.25, "y": 1},
                {"matrix": [1, 6], "x": 6.25, "y": 1},
                {"matrix": [1, 7], "x": 7.25, "y": 1},
                {"matrix": [1, 8], "x": 8.25, "y": 1},
                {"matrix": [1, 9], "x": 9.25, "y": 1, "w": 1.75},
                {"matrix": [2, 0], "x": 0, "y": 2, "w": 1.75},
                {"matrix": [2, 1], "x": 1.75, "y": 2},
                {"matrix": [2, 2], "x": 2.75, "y": 2},
                {"matrix": [2, 3], "x": 3.75, "y": 2},
                {"matrix": [2, 4], "x": 4.75, "y": 2},
                {"matrix": [2, 5], "x": 5.75, "y": 2},
                {"matrix": [2, 6], "x": 6.75, "y": 2},
                {"matrix": [2, 7], "x": 7.75, "y": 2},
                {"matrix": [2, 8], "x": 8.75, "y": 2},
                {"matrix": [2, 9], "x": 9.75, "y": 2, "w": 1.25},
                {"matrix": [3, 1], "x": 1.5, "y": 3},
                {"matrix": [3, 2], "x": 2.5, "y": 3, "w": 1.25},
                {"matrix": [3, 3], "x": 3.75, "y": 3, "w": 1.75},
                {"matrix": [3, 5], "x": 5.5, "y": 3, "w": 1.75},
                {"matrix": [3, 6], "x": 7.25, "y": 3, "w": 1.25},
                {"matrix": [3, 7], "x": 8.5, "y": 3}
            ]
        }
    }
}
