{
    "processor": "RP2040",
    "bootloader": "rp2040",
    "board": "GENERIC_RP_RP2040",
    "build": {
        "lto": true
    },
    "features": {
        "bootmagic": true,
        "extrakey": true,
        "encoder": false,
        "mousekey": true,
        "nkro": true,
        "rgblight": false
    },
    "matrix_pins": {
        "cols": ["GP2", "GP3", "GP4", "GP5", "GP6", "GP7", "GP8", "GP9", "GP29", "GP28", "GP27"],
        "rows": ["GP12", "GP13", "GP14", "GP15"]
    },
    "rgblight": {
        "animations": {
            "alternating": true,
            "breathing": true,
            "christmas": true,
            "knight": true,
            "rainbow_mood": true,
            "rainbow_swirl": true,
            "rgb_test": true,
            "snake": true,
            "static_gradient": true,
            "twinkle": true
        },
        "brightness_steps": 8,
        "led_count": 12,
        "saturation_steps": 8,
        "sleep": true
    },
    "ws2812": {
        "pin": "GP20"
    }
}
